Advise_id,Chat_id,Advice Type,Advice,Model,Marked as good,context
1,44,Advice for victim,"After analyzing the conversation, I think I've identified the source of your discomfort:

1. **You were pressured into lending your truck**: John's message ""I could've sworn you mentioned it when I helped you paint your living room last month"" comes across as a gentle guilt trip. It's possible that John genuinely misremembered, but the phrase ""I could've sworn"" can be seen as a way to make you feel obligated to follow through on a supposed promise. This might have made you feel like you were cornered into lending your truck.
2. **You didn't intend to commit to lending the truck**: Your initial response ""Oh, um, I don't remember saying that"" suggests that you didn't recall promising to lend your truck. This hesitation was likely due to your uncertainty about using your truck that weekend. John's response, however, made you feel like you had to follow through on a commitment you didn't intend to make.
3. **The power dynamic shifted**: Initially, you were offering to help John with his move, which put you in a position of control. However, when John asked to borrow your truck, the dynamic shifted, and you felt like you were being asked to make a significant concession. This might have left you feeling uneasy about the balance of favors in your friendship.

These factors combined might have contributed to your feeling of unease. It's possible that you're not entirely comfortable with the way the conversation unfolded, and you might be wondering if you were too accommodating or if John took advantage of your goodwill.",llama3,0,Friendship
2,44,Advice for victim,"It seems like you felt pressured to lend your truck to John, even though you weren't entirely comfortable with the idea. A few things that might have contributed to your unease:

1. You didn't initially remember offering to lend your truck, but John insisted that you did. This might have made you feel like you were put on the spot or guilt-tripped into agreeing.

2. You mentioned that you might need the truck this weekend, but John dismissed your concerns by reminding you of a favor he did for you in the past (helping you paint your living room). This could feel like emotional manipulation.

3. John assumed you would lend him the truck without directly asking or considering your needs. This lack of clear communication and consideration for your feelings could lead to resentment.

In a healthy friendship, both parties should feel comfortable expressing their needs and boundaries. It's okay to say no or voice your concerns when you're not entirely comfortable with a request. John should have asked you directly about borrowing the truck and been understanding if you couldn't accommodate his request. Remember, it's important to prioritize your own needs and well-being, even when helping friends.",claude,1,Friendship
3,44,Advice for culprit,"While there isn't anything particularly wrong with the conversation, there are a few things you could improve:

1. Planning: It would be better if you had planned the move earlier and asked for help in advance. This would have given your friends more time to arrange their schedules.

2. Pressure: You might have unintentionally put some pressure on Mike by mentioning the truck. It's better to ask directly and give him the opportunity to say no without feeling guilty.

3. Gratitude: While you did express your gratitude, it might have been better to show more appreciation for Mike's agreement to help, especially since he's going out of his way on a weekend.

4. Details: You could have provided more details about the move (e.g., the size of the items to be moved, whether there are stairs, etc.). This would help your friends understand what they're agreeing to and prepare accordingly.

5. Offer of compensation: While it's a nice gesture to offer pizza and beers, it might be more considerate to ask your friends what they'd like as a thank you. They might prefer something else or have dietary restrictions.",gpt-4,0,Friendship
4,44,Advice for culprit,"Based on the conversation, there are a few things you could have handled better:

1. Short notice: It seems like you asked for help with moving on short notice. It's always better to give your friends ample time to plan and adjust their schedules.

2. Assuming availability: You assumed that your friends would be available to help you on Saturday without considering their prior commitments. It's better to ask about their availability first before making plans.

3. Pressuring Mike about the truck: When Mike said he didn't remember offering his truck, you pressed the issue by mentioning a past favor. This might have made Mike feel pressured to lend you the truck, even if he had other plans for it.

To improve, consider the following:

1. Give more notice: Try to give your friends at least a week's notice when asking for help with a big task like moving.

2. Be flexible: Be open to working around your friends' schedules and availability. If Saturday doesn't work, be willing to consider other options.

3. Ask, don't assume: Instead of assuming your friends are available or that past favors guarantee their help, ask politely and be understanding if they can't assist you.

4. Show gratitude: You did well by offering pizza and beers as a thank-you for their help. Make sure to follow through and show appreciation for your friends' time and effort.

Remember, clear communication and consideration for your friends' time and commitments are key to maintaining good relationships.",claude,1,Friendship
5,45,Advice for victim,"From the conversation, it seems like your friends are genuinely happy for you and want to celebrate your promotion. However, Person D's comments might have contributed to your uneasiness. While their statements could be interpreted as backhanded compliments, it's also possible that they simply have a unique way of expressing themselves.

In the first comment, ""I'm surprised they didn't promote you sooner considering how long you've been there,"" it might seem like they're implying that you should have been promoted earlier, which could be taken as a slight against your employer. In the second comment, ""You always had a knack for getting noticed when it counts,"" it could be perceived as insinuating that you only work hard when it benefits you, or that you're manipulative in getting ahead.

Nonetheless, it's essential to give people the benefit of the doubt and not jump to conclusions. If you feel uneasy, you might want to address it with Person D directly or simply let it go if it doesn't bother you too much.",mixtral,1,Friendship
6,45,Advice for victim,"Congratulations on your promotion!

After analyzing the conversation, I think I can help you identify what might be making you feel uneasy. Here are a few potential issues:

1. **Person D's tone**: While Person D's comments seem congratulatory on the surface, they might come across as slightly backhanded or even sarcastic. For example, ""I'm surprised they didn't promote you sooner"" could be interpreted as implying that the promotion was overdue or that you didn't deserve it earlier. Similarly, ""You always had a knack for getting noticed when it counts"" might be seen as a bit condescending or insincere. This tone could be making you feel uneasy or unsure about Person D's genuine enthusiasm for your achievement.
2. **Lack of personal connection**: While your friends are congratulating you and suggesting a celebration, the conversation feels somewhat superficial. There's no real personal connection or inquiry about how you're feeling or what this promotion means to you. This might make you feel like they're not truly invested in your success or happiness.
3. **Overemphasis on impressing others**: The conversation focuses on impressing your bosses and getting noticed, which might make you feel like your worth is tied to external validation rather than your own accomplishments. This could lead to feelings of unease or discomfort.

These are just potential explanations, and it's possible that there's something else bothering you about the conversation. Take a closer look at the interaction and see if you can identify any other factors that might be contributing to your unease.",llama3,0,Friendship
7,45,Advice for culprit,"Based on the conversation, it seems like you were trying to congratulate your friend on their promotion, but some of your comments came across as slightly backhanded or insensitive. Let's look at a couple of instances:

1. ""I'm surprised they didn't promote you sooner considering how long you've been there."" This comment might imply that your friend should have been promoted earlier, which could undermine their current achievement.

2. ""After all, it's not everyday you manage to impress your bosses."" This statement could be interpreted as suggesting that impressing their bosses is a rare occurrence for your friend, which might not be the most supportive thing to say.

3. ""You always had a knack for getting noticed when it counts."" While this could be seen as a compliment, it might also imply that your friend is only noticed at certain times, rather than consistently performing well.

To improve your responses in similar situations, try to:

1. Be genuinely supportive and positive without any qualifiers or potentially negative implications.

2. Avoid comparing your friend's achievement to their past performance or the company's decision-making process.

3. Focus on celebrating their success and expressing your happiness for them.

Here's an example of how you could have responded:

""Wow, congratulations on your promotion! That's fantastic news, and it's well-deserved. I'm really happy for you and proud of all the hard work you've put in. Let's definitely celebrate this milestone together!""

Remember, the goal is to make your friend feel supported and appreciated during their moment of success.",claude,1,Friendship
8,45,Advice for culprit,"You've done a great job overall in congratulating Person A and participating in the conversation. However, the comment ""I'm surprised they didn't promote you sooner considering how long you've been there"" could potentially come off as backhanded or insinuating that Person A should have been promoted earlier. This might unintentionally undermine their achievement or imply that the promotion was overdue.

To improve, you could simply say, ""Congrats, A. I'm really happy for you. Your hard work has paid off!"" This emphasizes your happiness for Person A and acknowledges their hard work without any potential for misunderstanding.

Also, the comment ""it's not everyday you manage to impress your bosses"" could be interpreted as sarcastic or passive-aggressive, even though it might not have been intended that way. A more positive and supportive response would be, ""You truly deserve this promotion, A. Your dedication and skills have always been evident.""

Overall, try to keep your messages positive, supportive, and focused on the person's achievement. Avoid any potential for misunderstanding or negativity.",mixtral,0,Friendship
9,46,Advice for victim,"Upon reviewing the conversation, here are a few potential issues that might be contributing to your discomfort:

1. **Guilt trip**: Anna's response to your initial decline, ""Oh, no worries, David. I just thought it's been a while since we all hung out together. I guess some things are more important,"" might be perceived as a subtle guilt trip. The phrase ""I guess some things are more important"" could be interpreted as implying that your existing plans are less important than spending time with the group.
2. **Pressure from friends**: John and Lily's subsequent messages, ""Oh, David, can't you reschedule your plans?"" and ""Yes, David, it would be nice if we all could be there,"" might be adding to the pressure you feel. It's as if they're trying to persuade you to change your plans, which could make you feel uncomfortable or obligated.
3. **Sense of obligation**: The conversation might be making you feel like you owe it to your friends to attend the movie night, even if you've already made other commitments. This sense of obligation can be uncomfortable, especially if you're not willing or able to reschedule your plans.
4. **Lack of clear communication**: Your response, ""I'll see what I can do, guys,"" might be seen as ambiguous or non-committal. This could lead to further pressure or questions from your friends, which might be adding to your unease.

To address these issues, you could consider clarifying your position and communicating your boundaries more clearly. For example, you could respond with something like:

""Hey guys, I appreciate the invite, but I've already committed to something else on Saturday. I'm sorry I won't be able to make it to the movie night. Let's catch up soon, maybe we can plan something else for another time?""

This response acknowledges your friends' invitation, explains your unavailability, and sets a clear boundary while still leaving room for future socializing.",llama3,1,Friendship
10,46,Advice for victim,"The conversation may leave you feeling uneasy because of Anna's comment about ""some things are more important."" This could be interpreted as passive-aggressive, implying that David's other plans are not as important as hanging out with friends. Additionally, John and Lily's comments may make David feel pressured to change his plans, even though he has a valid reason for not being able to attend.",gpt-4,1,Friendship
11,46,Advice for culprit,"It seems like you might have been a bit passive-aggressive when responding to David. Saying ""I guess some things are more important"" could come across as guilt-tripping him for not being able to attend. It's important to remember that people have their own lives and commitments, and it's not always possible for them to change their plans on short notice.

Here's how you could have responded in a more understanding and respectful manner:

""No problem, David! I understand that you have prior commitments. We'll miss you, but we can always plan another get-together when everyone's available. Have fun with your plans!""

Also, it's best not to put pressure on someone to change their plans, as John and Lily did. It might make David feel uncomfortable or obligated to attend, even if he has important matters to attend to.

In the future, consider the following:

1. Give more notice when planning group activities to allow people to plan accordingly.
2. Be understanding and respectful when someone can't make it, and avoid making them feel guilty.
3. If you feel disappointed, express it in a mature and honest way without being passive-aggressive.
4. Keep the communication open and positive, focusing on finding a time that works for everyone rather than singling out one person.

Remember, maintaining healthy friendships involves open, honest, and respectful communication.",claude,1,Friendship
12,46,Advice for culprit,"Upon reviewing the conversation, I think you might have unintentionally come across as slightly passive-aggressive or dismissive in your response to David. Here's why:

1. ""Oh, no worries, David. I just thought it's been a while since we all hung out together. I guess some things are more important."" - This sentence might be perceived as implying that David's plans are more important than spending time with friends, which could be misinterpreted as a slight criticism.

To improve the conversation, you could have responded in a more neutral and supportive tone:

* ""No worries, David! I understand that plans can be hard to change. Hopefully, we can catch up soon.""
* ""That's okay, David. We'll miss you this Saturday, but let's plan something else soon.""

By doing so, you would have shown empathy and understanding, making the conversation more positive and friendly.

Remember, the goal is to maintain a lighthearted and inclusive tone in the conversation. By being more considerate of David's feelings, you can create a more welcoming atmosphere for everyone involved.",llama3,0,Friendship
13,32,Next reply,"Considering the tone and content of your boss's responses, it's essential to tread carefully to avoid coming across as confrontational or defensive. Here's a suggested response:

**Your next email:**

Sender: Colleague 1
Dear Boss,

I understand your perspective, and I appreciate your willingness to take the lead on the presentation. However, I believe it would be beneficial for the team to learn from your experience and expertise. Would it be possible to have a brief discussion or meeting to go over the areas that need refinement, so we can better understand your expectations and apply them to future projects?

Best,
Colleague 1

**Why this response is a good choice:**

1. **Acknowledge and show understanding**: You're demonstrating that you've taken your boss's feedback on board and are willing to learn from their experience.
2. **Seek guidance and clarification**: By asking for a discussion or meeting, you're showing that you're committed to improving and want to understand your boss's expectations.
3. **Focus on the team's growth**: You're framing the request as a way to benefit the team, rather than a personal challenge to your boss's authority.
4. **Tone is polite and professional**: Your response maintains a respectful tone, which is essential in a situation like this.

Remember to keep your email concise, clear, and free of any emotional or confrontational language. This response should help you navigate the situation while still showing your commitment to learning and growth.",llama3,1,workplace-hierarchy
14,32,Next reply,"Dear Boss,

I understand your perspective that the proposal may need a more professional touch. However, I respectfully disagree with your assessment that we wouldn't understand the necessary changes due to our level. Our team has put significant effort into this proposal and we are invested in its success. We are eager to learn and improve, and your specific feedback would be invaluable in helping us grow professionally.

If there are particular areas of the proposal that you feel need refinement, I would greatly appreciate if you could point them out. This would not only help us deliver a stronger proposal, but also enable us to develop the skills needed for future projects.

I believe in our team's ability to rise to the challenge and I'm confident that, with your guidance, we can create a proposal that meets your standards and impresses our clients.

Please reconsider allowing us the opportunity to refine the proposal.

Best,
Colleague 1

Why this is the right reaction:
1. It respectfully acknowledges the boss's perspective while also asserting your team's competence and willingness to learn.
2. It emphasizes the team's dedication and investment in the project's success.
3. It politely pushes back against the boss's dismissive attitude and requests specific, constructive feedback.
4. It highlights the team's desire for professional growth and the value of the boss's guidance in that process.
5. It demonstrates confidence in the team's abilities and a commitment to meeting the boss's standards.
6. It respectfully requests reconsideration, showing initiative and a proactive approach to problem-solving.

This response maintains a professional tone while assertively advocating for your team's capabilities and potential. It seeks to open a dialogue and foster a more collaborative working relationship with your boss.",claude,0.5,workplace-hierarchy
15,32,Advice for victim,"The interaction could have been perceived as condescending or dismissive. The boss did not provide specific feedback on what needed to be improved in the proposal, but instead suggested that the team members wouldn't understand the required changes due to their ""level."" This could be taken as an insult to their competence or experience. Additionally, the boss decided to take over the task rather than guide the team to improve, which could potentially hinder their learning and growth.",gpt-4,0,workplace-hierarchy
16,32,Advice for victim,"I'm happy to help you dissect this conversation!

Several aspects of this interaction may be contributing to your unease:

1. **Lack of specific feedback**: The boss's initial feedback was vague, which led to your request for clarification. Instead of providing specific areas for improvement, the boss responded with a general statement about the proposal needing a ""more professional touch."" This lack of concrete feedback can be frustrating and unhelpful.
2. **Condescending tone**: The boss's response to your question came across as condescending, implying that you wouldn't understand the necessary refinements due to your ""level."" This tone can be perceived as belittling and may have made you feel undervalued or untrusted.
3. **Dismissal of team input**: By stating that they'll handle the refinement and presentation, the boss essentially dismissed the team's involvement in the project. This might have made you feel like your efforts were not appreciated or that your contributions were not valued.
4. **Unwillingness to guide or mentor**: When Colleague 2 asked for guidance, the boss again implied that they didn't have the necessary experience or expertise to contribute to the refinement process. This lack of willingness to guide or mentor team members can be demotivating and create a sense of disempowerment.
5. **Power imbalance**: The boss's responses reinforced a power imbalance, where they seemed to be dictating the direction of the project without considering the team's input or ideas. This can lead to feelings of frustration, resentment, or even fear of speaking up.

These factors combined may have contributed to your unease about the conversation. It's essential to have open and constructive communication in a team, where everyone feels valued, heard, and empowered to contribute.",llama3,1,workplace-hierarchy
17,34,Advice for victim,"The conversation seems professional and task-focused, but there might be a few reasons why it leaves you feeling uneasy:

1. Tone: Although the language used is not rude, it can come off as a bit terse or demanding. Michael's request for a detailed breakdown of your progress might make you feel like he doesn't trust your ability to manage your tasks.

2. Lack of acknowledgment: Michael didn't acknowledge your progress or express any appreciation for your work. This can leave you feeling unvalued or underappreciated.

3. Additional work: Michael's request for the raw data might be seen as an additional task, adding to your workload and potentially causing stress.

To address these issues, you might consider the following:

1. Reply with a more detailed breakdown of your progress, including the specific sections of the report you've completed and the ones you're still working on. This will show that you are on top of your tasks and can help rebuild trust.

2. Politely express any concerns you have about the additional work or the tone of the conversation. This can help clear up any misunderstandings and improve communication.

3. Remember that everyone has different communication styles, and it's important not to take things personally. Michael might just be very focused on meeting the project deadline.",mixtral,0.5,workplace-hierarchy
18,34,Advice for victim,"The conversation between you and your boss, Michael, seems to have some underlying issues that could be causing your uneasiness:

1. Micromanagement: Despite your clear update on your progress, Michael asks for the raw data and a more detailed breakdown of your work. This might indicate a lack of trust in your abilities or a tendency to micromanage, which can be demotivating and stressful for employees.

2. Lack of positive feedback: Michael doesn't acknowledge or appreciate the work you've already done. A good manager should provide both constructive criticism and positive reinforcement to keep the team motivated.

3. Demanding tone: The way Michael phrases his requests, particularly in the second email, comes across as demanding and somewhat harsh. Phrases like ""I'd appreciate it if you could..."" and ""Keep me posted"" might feel more like orders than requests, which can create an uncomfortable working environment.

4. Singling out: Although the initial email was sent to the entire team, Michael's follow-up is directed only to you. This might make you feel singled out or pressured, especially if he's not communicating with the other team members in the same way.

A more supportive and effective managerial approach would involve trusting employees to do their work, providing guidance and support when needed, and offering a balance of constructive feedback and positive reinforcement. The tone of the conversation should be more collaborative and less demanding.",claude,1,workplace-hierarchy
19,34,Advice for culprit,"Based on the email conversation, there are a few areas where you could improve your communication with your team:

1. Micromanagement: Asking Emily to send you the raw data and provide a detailed breakdown of her progress might come across as micromanagement. As a leader, it's important to trust your team members and give them the autonomy to complete their tasks. Unless there are specific reasons for concern, it's better to let them work independently and provide updates as needed.

2. Lack of positive reinforcement: In your initial email, you reminded the team about the upcoming deadline and requested detailed updates. While it's important to ensure the project is on track, it's equally important to acknowledge and appreciate their efforts. Consider adding a line expressing your confidence in their abilities and thanking them for their hard work.

3. Inconsistent communication: You asked for a detailed update from the entire team but only followed up with Emily. This might make the other team members feel left out or unsure about your expectations. Make sure to communicate consistently with all team members and provide equal attention and support.

To improve, you could:

1. Trust your team: Give your team members the space to work independently and trust their abilities to complete their tasks effectively. Avoid micromanaging unless there are valid concerns.

2. Provide positive reinforcement: Acknowledge and appreciate your team's efforts and progress. Encourage them and express your confidence in their abilities to meet the project deadline.

3. Communicate consistently: Ensure that you communicate with all team members consistently and provide equal attention and support. If you need to follow up with specific individuals, make sure to do so in a way that doesn't make others feel left out.

4. Offer support: Instead of just asking for updates, offer your support and ask if there's anything you can do to help them overcome any challenges they might be facing.

Remember, effective leadership involves striking a balance between ensuring project progress and fostering a positive, supportive work environment where your team feels trusted, valued, and motivated.",claude,1,workplace-hierarchy
20,34,Advice for culprit,"From your email conversation, it appears that you are genuinely interested in the progress of the project and want to ensure that everything is on track. However, there are a few areas where you could improve your communication to make it more effective and empathetic.

1. Acknowledge the work done: In your response to Emily, you could start by acknowledging the work she has done so far. This will show that you appreciate her efforts and motivate her to continue working hard. For example, you could say, ""Thank you for the update, Emily. It's great to hear that you've completed the data collection and are working on the report. I appreciate your hard work on this project.""
2. Be specific with your requests: When you ask Emily to provide you with the raw data, it would be helpful to explain why you need it. This will give her a better understanding of your request and help her prioritize her work. For example, you could say, ""Could you please send me the raw data you've collected so far? I'd like to review it to ensure that we have all the necessary information for the report.""
3. Be clear with your expectations: In your initial email, you ask for a detailed update on individual tasks. However, in your response to Emily, you ask for a more detailed breakdown of her progress. To avoid confusion, it would be helpful to be clear with your expectations from the beginning. For example, you could say, ""Please provide me with a detailed breakdown of your progress, including the specific sections of the report you've completed and the ones you're still working on. This will help me understand where we are in the project and what still needs to be done.""
4. Show empathy: It's important to show empathy and understanding in your communication. In your initial email, you mention that the deadline is coming up soon, which can create pressure for your team. To alleviate this pressure, you could acknowledge the hard work of your team and offer support where needed. For example, you could say, ""I know we're all working hard to meet the deadline, and I appreciate your dedication to this project. If there's anything I can do to support you, please let me know.""

Overall, it's important to communicate clearly, be specific with your requests, and show empathy and understanding towards your team.",mixtral,0,workplace-hierarchy
21,33,Advice for victim,"The conversation leaves you feeling uneasy because your boss's communication style is problematic on several levels:

1. Threatening tone: Your boss's messages carry an underlying threat about job security. This can create a climate of fear and anxiety, which is counterproductive to team morale and performance.

2. Lack of empathy: Despite your colleague's explanation about setbacks, your boss doesn't acknowledge the challenges the team is facing. Instead, they reiterate the potential consequences, showing a lack of understanding and support.

3. Overemphasis on competition: While being aware of competitors is important, overemphasizing this can put undue pressure on the team and shift focus away from the actual work.

4. No offer of support or solutions: Your boss points out the problems and consequences but doesn't offer any constructive solutions or additional resources to help the team meet the deadline.

5. Dismissive attitude: Even when your colleague assures that the team is putting in extra hours, your boss's response seems dismissive, as if they don't fully trust or believe in the team's efforts.

Effective leadership communication should be supportive, empathetic, and solution-oriented. It should motivate the team and provide them with the resources and guidance they need to succeed. Your boss's approach, however, seems to be creating stress and demotivation, which is why the interaction feels off-putting.",claude,1,workplace-hierarchy
22,33,Advice for victim,"The conversation itself was professional and respectful, but there are a few things that could have been improved:

1. Lack of specifics: The boss expressed concerns about the project pace but didn't provide specific areas where the team is falling behind or suggestions for improvement. This can make the team feel anxious and uncertain about what they need to do differently.

2. Pressure without a plan: The boss emphasized the potential consequences of not meeting deadlines, which can create stress and pressure. However, they didn't offer any concrete strategies or additional resources to help the team meet these deadlines.

3. Lack of acknowledgment: The boss didn't acknowledge the team's efforts or the setbacks they've faced. Recognizing the challenges the team has overcome can boost morale and motivation.

4. Potential for miscommunication: The boss's message about job security might be interpreted as a threat, which could harm the team's trust and morale. It's important to communicate the potential consequences of not meeting deadlines without causing unnecessary fear or stress.

5. Lack of two-way communication: The conversation was mostly one-sided, with the boss expressing concerns and the team members assuring that they're doing their best. Encouraging a more open dialogue could help identify specific issues and solutions.

To improve the situation, the boss could have a follow-up meeting with the team to discuss specific concerns, brainstorm solutions, and provide additional support or resources as needed.",mixtral,0,workplace-hierarchy
23,33,Advice for culprit,"It seems that your messages, while intended to motivate your team, may have come across as somewhat threatening and may have negatively impacted team morale. Here are a few points to consider:

1. Avoid implying job insecurity: Mentioning potential job loss can create a sense of fear and anxiety among your team members, which may hinder their performance and creativity.

2. Acknowledge efforts: While it's important to stress the significance of meeting deadlines, it's equally important to recognize the efforts your team is putting in, especially when they're facing setbacks.

3. Offer support: Instead of focusing solely on the consequences of not meeting the deadline, ask your team if there's anything you can do to help them overcome obstacles and achieve their goals.

4. Foster a positive work environment: Encourage open communication and create a supportive atmosphere where your team feels comfortable discussing challenges and proposing solutions.

Here's an example of how you could have responded to Colleague 2:

""Colleague 2,

I appreciate the extra hours and effort you and the team are putting in to meet the deadline. I understand that setbacks can be challenging, and I want to support you in any way I can. If there are any obstacles hindering your progress, please let me know, and we can work together to find solutions.

While it's crucial to meet our deadlines, I also want to ensure that we maintain a positive and collaborative work environment. Your well-being and job security are important to me. Let's schedule a team meeting to discuss our progress, address any concerns, and strategize on how we can work together to achieve our goals.

Best,
Boss""

By adopting a more supportive and understanding approach, you can motivate your team and foster a positive work environment that encourages them to perform at their best.",claude,1,workplace-hierarchy
24,33,Advice for culprit,"You handled the situation quite well, expressing your concerns and urgency about the project's timeline. However, there are a few things you could do to improve the conversation:

1. Acknowledge the team's efforts: It's important to recognize the hard work and dedication of your team members. This will help boost their morale and motivation. For example, you could say, ""I appreciate all the hard work and long hours you've been putting in. I know this project is challenging, and I want to acknowledge your commitment to it.""

2. Offer support and resources: If your team is facing setbacks, it might be helpful to offer additional support or resources to help them overcome these challenges. For example, you could ask, ""Is there anything I can do to help? Are there any resources or support you need to help you meet the project deadlines?""

3. Be specific about the consequences: While it's important to stress the importance of meeting project deadlines, try to be more specific about the potential consequences. Instead of mentioning job security, you could say, ""If we don't meet our deadlines, we risk losing our competitive edge in the market, which could impact our team's growth and future opportunities.""

4. Encourage open communication: Encourage your team members to share their concerns and challenges openly. This will help you better understand their needs and work together to find solutions. For example, you could say, ""Please feel free to share any concerns or challenges you're facing. We're in this together, and I'm here to support you.""

5. Demonstrate empathy: Show understanding and empathy towards your team's situation. This will help create a more positive and supportive work environment. For example, you could say, ""I understand that this project is demanding, and I appreciate your resilience and dedication. Let's work together to overcome these challenges and meet our deadlines.""",mixtral,0,workplace-hierarchy
25,39,Advice for victim,"There doesn't seem to be anything overtly wrong with this interaction. All parties are communicating professionally and offering assistance to each other. However, you might feel uneasy because the email from Sarah highlights that the project's deadline is at risk. This could create a sense of pressure or stress. It's also possible that you're uncomfortable with Sarah's directness in addressing your recent lack of contribution due to personal issues.",gpt-4,0,workplace-nohierarchy
26,39,Advice for victim,"The email conversation seems professional and courteous on the surface, but there are a few underlying issues that might be causing your unease:

1. Sarah's tone towards you (Michael) could be interpreted as slightly confrontational and pressuring. While she acknowledges your personal issues, she still insists that you need to ""step up"" and contribute more, which may feel insensitive and unsupportive.

2. Sarah's email implies that the success of the project is heavily dependent on you and Tom putting in extra effort, which could be seen as unfairly placing the responsibility on you both, especially given your personal circumstances.

3. The email from you (Michael) seems apologetic and submissive, which might indicate that you feel guilty or uncomfortable with the situation. It's possible that you feel like you're being singled out or that your personal issues are not being given adequate consideration.

4. Tom's response, while supportive and collaborative, doesn't address the potential tension between you and Sarah. He focuses on his own tasks without acknowledging the broader team dynamics.

Overall, while everyone is trying to be professional and work towards the common goal of meeting the project deadline, there seems to be a lack of open, supportive communication and understanding among the team members. Sarah's approach may be causing unintended pressure and stress, particularly for you, given your personal situation.",claude,,workplace-nohierarchy
27,39,Advice for culprit,"Your email shows that you're concerned about the project and its deadline, which is understandable. However, there are a few things you could improve in your communication:

1. Acknowledge personal issues: While it's important to ensure everyone contributes to the project, it's equally important to show empathy and understanding towards your colleagues' personal situations. Instead of just asking Michael to ""step up,"" you could have acknowledged his personal issues and offered support or flexibility.

2. Avoid singling out individuals: Singling out team members in a group email can make them feel uncomfortable or demotivated. It's better to address concerns individually or during a team meeting.

3. Recognize everyone's efforts: Although you praised Tom's work, you didn't acknowledge Michael's contributions. It's essential to recognize everyone's efforts and appreciate their work to maintain a positive team dynamic.

4. Offer specific guidance: Instead of just asking for ""extra effort,"" provide clear guidance on what needs to be done and how team members can contribute effectively.

Here's an example of how you could rephrase your email:

```
Subject: Project Deadline - Team Effort Needed

Hi Michael and Tom,

I hope you're both doing well. As the project deadline is approaching next week, I wanted to discuss how we can work together to ensure its success.

Michael, I understand you've been facing some personal challenges lately. If there's anything we can do to support you or if you need any flexibility, please let us know. Your contributions to the project are valuable, and we're here to help you in any way we can.

Tom, thank you for your great work so far. Your expertise would be incredibly helpful in finalizing the presentation. Could you please review it and provide feedback by [specific date]? If you need any assistance, please don't hesitate to reach out.

I believe that by collaborating and supporting each other, we can deliver an excellent project. Let's schedule a quick call to discuss any concerns, clarify tasks, and see how we can help each other meet the deadline.

Thank you both for your dedication and hard work.

Best,
Sarah
```

Remember, effective communication is key to maintaining a positive and productive team environment.",claude,1,workplace-nohierarchy
28,39,Advice for culprit,"Your email was well-written and professional, addressing the issue at hand without being overly critical or harsh. However, you could consider a few improvements:

1. Empathy: While you did acknowledge Michael's personal issues, it might have been better to express a bit more empathy or understanding. 

2. Positive reinforcement: Instead of just pointing out that Michael needs to contribute more, also acknowledge his previous contributions or strengths.

3. Specific tasks: Instead of general statements about contributing more or stepping up, you could provide specific tasks or areas where you need Michael's help.

4. Avoid public criticism: It's best to avoid criticizing or calling out a team member in a group email. This could have been addressed privately with Michael to avoid potentially embarrassing him.

5. Encourage communication: Encourage your team members to voice any concerns or issues they might have which could hinder their performance. 

6. Offer help: Instead of just asking for more effort, you could offer your assistance to help them manage their workload. 

Remember, every situation is unique and requires a different approach. But in general, it's always good to be as understanding, supportive, and clear as possible when addressing such issues.",gpt-4,0,workplace-nohierarchy
29,40,Advice for victim,"While the interaction was professional, there are a few reasons why it might leave you feeling uneasy:

1. Public Criticism: John's feedback was critical and it was sent to the entire team, not just to you. This might feel like public criticism, which can be uncomfortable and embarrassing.

2. Lack of Positive Feedback: John pointed out the areas where you need to improve, but he did not mention any positives about your work. This can make the feedback feel unbalanced and harsh.

3. Imbalance of Power: John's emails suggest a superior position, which might make you feel inferior or undervalued. His last email, where he uses your work as an example for the team, could come across as patronizing. 

4. Lack of Specifics: John's feedback was not very specific. He mentioned that the objective was not clearly defined and that there was a lack of research, but he did not provide specific examples. This might leave you feeling confused about what exactly you did wrong.

5. Tone: While John's emails were polite, the tone could be interpreted as cold or impersonal, which might make you feel uncomfortable or defensive.",gpt-4,0,workplace-nohierarchy
30,40,Advice for victim,"After analyzing the email exchange, I've identified a few potential reasons why you might feel uneasy:

1. **Tone and language**: John's initial feedback comes across as somewhat critical and condescending, with phrases like ""I don't mean to criticize, but..."" and ""I believe it's essential for us to have these things in mind for future proposals."" This tone can be perceived as lecturing or patronizing, which might make you feel defensive or uncomfortable.
2. **Lack of specific suggestions**: While John points out the issues with the proposal, he doesn't provide concrete suggestions for improvement. This might make you feel like you're being told what's wrong without being given guidance on how to fix it.
3. **Public feedback**: John chose to share his feedback with the entire team, which can be perceived as a public critique. This might make you feel like you're being called out in front of your colleagues, rather than receiving constructive feedback in a private conversation.
4. **John's follow-up email**: In his second email, John seems to be taking a somewhat self-congratulatory tone, implying that his feedback was instrumental in improving your work. This might come across as slightly patronizing or even self-serving.
5. **Power dynamics**: The conversation might be influenced by underlying power dynamics within the team. If John is a senior team member or has a more dominant personality, his feedback might be perceived as more authoritative or influential, which could contribute to your unease.

To improve the interaction, it might be helpful to:

* Request specific, actionable feedback that provides concrete suggestions for improvement.
* Encourage a more collaborative tone, focusing on shared goals and objectives rather than criticism.
* Consider having private conversations for feedback, especially if it's related to a specific project or task.
* Foster a culture of open communication, where team members feel comfortable sharing their thoughts and ideas without fear of criticism or judgment.

I hope this helps you identify the sources of your unease and suggests ways to improve the interaction!",llama3,1,workplace-nohierarchy
31,40,Advice for culprit,"Overall, your feedback was constructive and professional, but there are a few areas where you could improve:

1. Direct Communication: Instead of discussing Amy's work in a group email, it would have been better to provide feedback directly to her first. This would have given her a chance to explain or defend her work before the entire team was made aware of the issues.

2. Positive Feedback: While it's important to point out areas for improvement, it's equally important to acknowledge what was done well. This can help to maintain morale and motivate your colleagues to continue improving.

3. Specific Suggestions: Instead of just pointing out what was wrong, you could have also offered specific suggestions on how to improve. For example, you could have suggested some sources for research or ways to better define the project's objectives.

4. Tone: While your tone was not overly critical, it could be perceived as slightly harsh. Try to soften your language to make your feedback more palatable. For example, instead of saying ""there was a lack of research"", you could say ""I think the proposal could benefit from more research"".

Remember, the goal of feedback is not just to point out flaws, but to help your colleagues improve.",gpt-4,1,workplace-nohierarchy
32,40,Advice for culprit,"While your intentions to provide constructive feedback and ensure the team delivers high-quality work are good, there are a few areas where you could improve your approach:

1. Avoid singling out individuals in a group email: Instead of focusing on Amy's work specifically, you could have addressed the team as a whole and discussed the areas that need improvement in a more general sense.

2. Use a more positive tone: Your email comes across as somewhat critical and negative. Try to balance your feedback with positive comments and recognition of the effort put in by your colleague.

3. Offer specific suggestions for improvement: Rather than just pointing out the issues, provide clear guidance on how to address them. This will help your team members understand your expectations better.

4. Encourage open discussion: Invite your team members to share their thoughts and ideas on how to improve the proposal process. This will foster a more collaborative environment and make them feel valued.

Here's an example of how you could have rephrased your initial email:

Subject: Thoughts on Improving Our Project Proposals

Hi Team,

I hope everyone is doing well. I've been reviewing our recent project proposals, and I believe there are a few areas where we can improve to ensure we deliver high-quality work.

Firstly, let's make sure that we clearly define the primary objective of each project. In our upcoming projects, customer satisfaction should be our main goal. While factors like cost-cutting and efficiency are important, they should be secondary to our primary objective.

Secondly, let's aim to include more research and data to support our proposed strategies. This will help strengthen our proposals and demonstrate our thoroughness.

I'd love to hear your thoughts on this. If anyone has ideas on how we can improve our proposal process, please feel free to share them.

Thank you all for your hard work and dedication to our team's success.

Best,
John

By adopting a more positive, inclusive, and constructive approach, you can effectively communicate your feedback while maintaining a healthy team dynamic.",claude,1,workplace-nohierarchy
33,37,Advice for victim,"There are a few issues that might be contributing to your unease:

1. **Conflicting accounts**: John and you (Sarah) have different recollections of the meeting, which creates tension and uncertainty. This can lead to feelings of mistrust or doubt about each other's perceptions.
2. **Lack of clarity**: The initial message from John doesn't provide concrete evidence or references to support his claim, making it difficult to verify the agreed-upon deadline.
3. **Defensiveness**: John's response to your question comes across as somewhat defensive, implying that you might be misremembering or mistaken. This can lead to a sense of being dismissed or not taken seriously.
4. **Inconsistency**: John's mention of having discussed the deadline with your supervisor after the meeting raises questions about why he didn't clarify the deadline with the team at the time.
5. **Lack of resolution**: The conversation doesn't seem to be moving towards a resolution or a clear agreement on the deadline, leaving the issue unresolved.

To address these issues, you could try to:

* Clarify the deadline by reviewing meeting notes or minutes, if available.
* Ask John to provide more context or evidence to support his claim.
* Suggest a compromise or a way to move forward, even if the deadline is unclear.
* Encourage open and non-defensive communication to resolve the issue.

Remember, effective communication is key to resolving conflicts and avoiding misunderstandings.",llama3,1,workplace-nohierarchy
34,37,Advice for victim,"The conversation seems to have taken an unproductive turn due to John's communication style. A few things went wrong:

1. John appears to be dismissive of Sarah's recollection, suggesting that her ""memory is playing tricks"" on her. This comes across as condescending and undermines Sarah's perspective.

2. When Mike supports Sarah's understanding of the deadline, John still insists on his version of events without acknowledging the possibility that he might be mistaken. This unwillingness to consider alternative viewpoints can lead to a breakdown in effective communication.

3. John's mention of the supervisor agreeing with his deadline suggests that he is trying to use hierarchy to prove his point, rather than openly discussing the discrepancy with his team members.

4. Instead of trying to find a constructive solution, John implies that both Sarah and Mike misheard him, which can come across as accusing them of not paying attention or being incompetent.

In a healthy work environment, colleagues should feel comfortable expressing their understanding of a situation without fear of being dismissed or belittled. John's approach seems to prioritize being ""right"" over fostering open communication and collaboration. This interaction could have been improved by John acknowledging the possibility of a misunderstanding, reviewing meeting notes together, and working towards a mutually agreeable solution.",claude,1,workplace-nohierarchy
35,37,Next reply,"Here's a suggested response:

Sarah: John, I understand you recall Friday as the deadline, but both Mike and I have next Wednesday noted from the meeting. Rather than debating over our differing recollections, I suggest we take a moment to double-check with the rest of the team and our supervisor to get everyone on the same page. The most important thing is that we're all working towards the same timeline. I'm happy to send a follow-up email to confirm the deadline with everyone if that would help. Let me know what you think!

This would be the right reaction for a few reasons:

1. It acknowledges John's perspective without dismissing it, even though you and Mike remember differently. This helps prevent the conversation from becoming confrontational.

2. It focuses on finding a solution and moving forward, rather than dwelling on who is right or wrong about the initial deadline discussion. 

3. It suggests a concrete next step (confirming with the whole team and supervisor) to clarify the situation and get everyone aligned.

4. It shows a willingness to take on the task of following up, demonstrating your commitment to the project's success.

5. It keeps the conversation professional and solution-oriented, which is essential in a work environment.

By responding this way, you're steering the discussion in a productive direction and minimizing potential conflicts that could arise from the differing recollections about the agreed-upon deadline.",claude,1,workplace-nohierarchy
36,37,Advice for culprit,"Based on the conversation, it seems that you might have made a few missteps in your communication:

1. Assuming everyone agreed with the Friday deadline without proper confirmation: Instead of assuming that everyone nodded in agreement, it would have been better to explicitly ask for confirmation and have each team member verbally agree to the deadline.

2. Questioning Sarah's memory: Saying ""Is your memory playing tricks on you?"" can come across as dismissive and may make Sarah feel like you're undermining her recollection of events. It's best to avoid questioning someone's memory or capabilities in a professional setting.

3. Insisting on your own recollection: Despite two team members stating that they have a different deadline written down, you continued to insist that your memory was correct. It would have been better to acknowledge the discrepancy and propose a solution to clarify the deadline.

To handle the situation better, you could:

1. Acknowledge the confusion and apologize for any misunderstanding.
2. Propose checking the meeting minutes or any written records to verify the agreed-upon deadline.
3. If there are no written records, suggest having a quick follow-up meeting to clarify the deadline and ensure everyone is on the same page.
4. In future meetings, make sure to send a follow-up email summarizing the key points discussed, including deadlines, to avoid any confusion.

Remember, effective communication is key to avoiding misunderstandings and maintaining a positive working relationship with your colleagues.",claude,1,workplace-nohierarchy
37,29,Advice for victim,"I'm happy to help you unpack this conversation!

There are several red flags in this conversation that might be contributing to your unease:

1. **Manipulation**: A's response in message 3, ""Oh, I see. So your friends are more important than spending time with me?"" is a classic guilt-trip tactic. It's not a genuine question, but rather a way to make you feel bad about your prior commitment.
2. **Emotional blackmail**: A's messages 9 and 10, ""If you don't come out with me tonight, I'm going to have to seriously reconsider our relationship"" and ""I'm not asking you, I'm telling you"" are forms of emotional blackmail. A is threatening to end the relationship or withdraw affection if you don't comply with their demands.
3. **Lack of respect for boundaries**: A doesn't respect your prior commitment to your friends or your desire to maintain those relationships. They expect you to prioritize them over others, which can be an unhealthy expectation in a relationship.
4. **Disregard for your autonomy**: A's tone and language imply that they have control over your decisions and actions. This can be damaging to your sense of self and autonomy in the relationship.
5. **Inauthentic apology**: A's ""Great! I knew you'd make the right choice"" response comes across as insincere and condescending. It doesn't acknowledge the discomfort or pressure they put you under, and instead, implies that you should be grateful for their ""approval.""

These dynamics can create an unhealthy power imbalance in the relationship, where one partner feels pressured to constantly prioritize the other's needs over their own. This can lead to feelings of resentment, anxiety, and unease.

Remember that a healthy relationship should respect both partners' boundaries, autonomy, and individuality. It's essential to communicate openly and honestly about your feelings and concerns with your partner.",llama3,1,Relationship
38,29,Advice for victim,"The conversation you shared raises several red flags and indicates an unhealthy dynamic in your relationship. Here are some key issues:

1. Your partner is manipulative and emotionally blackmailing you by giving you an ultimatum and threatening the relationship if you don't comply with their demands.

2. They are not respecting your pre-existing plans and commitments to your friends, which is a sign of disrespect for your time and relationships outside of the one you have with them.

3. Your partner is displaying controlling behavior by pressuring you to prioritize them over everything else in your life.

4. They are guilt-tripping you and questioning your care for the relationship when you express your inability to change plans last minute.

5. You are being made to feel like you have to prove your love and commitment by giving in to their demands, which is not a healthy foundation for a relationship.

In a healthy relationship, both partners should respect each other's time, commitments, and relationships outside of the one they share. They should be able to communicate openly and find compromises without resorting to emotional manipulation or ultimatums.

It's essential to establish clear boundaries and communicate your feelings assertively. If this pattern of behavior continues, it may be worth reconsidering the relationship or seeking support from friends, family, or a professional to address these issues.",claude,1,Relationship
39,29,Advice for culprit,"Yes, there were a few mistakes in your conversation. Here's what you could have done better:

1. Respect Their Prior Commitments: When your partner mentioned they had prior plans with friends, you could have shown understanding and respect for their commitments. It's important to remember that maintaining friendships outside of the relationship is healthy and necessary.

2. Avoid Manipulation: The way you insisted that your partner cancel their plans and threatened to reconsider the relationship if they didn't comply can be seen as manipulative. It's not fair to give ultimatums that put your partner in a difficult position.

3. Better Communication: Instead of assuming your partner doesn't care about your relationship because they have other plans, communicate your feelings openly. Express that you miss them and would like to spend more time together.

4. Plan Ahead: To avoid such situations, try to plan your dates in advance. This way, both of you can schedule your time and avoid conflicts.

5. Apologize: If you realize you've made a mistake, apologize. It shows maturity and respect for your partner's feelings.

Here's an example of how you could have handled the conversation:

A: Hey, are you free tonight? I thought we could grab dinner and catch a movie.

B: I'm sorry, I can't tonight. I promised my friends I'd join them for a game night. We've been planning this for a while.

A: Oh, I see. I was really looking forward to spending time with you, but I understand. Let's plan something for tomorrow instead.

B: That sounds great. I appreciate your understanding.

A: Of course, it's important for us to have our own time with friends too. See you tomorrow, love you!

B: Love you too!",gpt-4,1,Relationship
40,29,Next reply,"I would advise against simply going along with your partner's demands in this situation. Your response should address the unhealthy dynamics at play here:

""I've given this more thought, and I'm not comfortable canceling on my friends last minute. It's not okay for you to pressure me like this or make ultimatums about our relationship. I care about you, but I also need to honor my other commitments and relationships. 

A healthy partnership requires mutual respect, trust, and compromise. Asking me to prove my love by dropping everything else is controlling and unfair. If you're feeling neglected, I'm open to discussing that and finding ways to make more quality time for each other. But it can't come at the expense of my autonomy and other important parts of my life.

I want us both to feel secure, respected and valued in this relationship. Threatening to break up when you don't get your way undermines that. I hope you can understand my perspective. Let me know when you're ready to talk this through calmly and find a real solution together.""

The key points are:
1) Calmly assert your boundaries. You're not obligated to comply with unreasonable, controlling demands. 
2) Reframe their ultimatum as unhealthy and explain why it's hurtful.
3) Validate their underlying feelings and invite a constructive conversation to address the real issue.
4) Reaffirm your care for them while being clear about your needs and values in the relationship too.

Relationships require open, respectful communication and a willingness to balance each person's needs. Beware of partners who resort to manipulation or all-or-nothing thinking. Stand up for yourself with compassion and work together on building mutual understanding and compromise.",claude,0.5,Relationship
49,29,Next reply,"In this situation, it's essential to communicate your feelings and set boundaries. Here's a possible response:

B: ""I love you too, but I need to talk about this. I feel pressured and uncomfortable with how you asked me to cancel my plans with my friends. It's important for me to maintain a healthy balance between my friendships and our relationship. I understand that you want to spend time with me, and I want that too. But I don't think it's fair to make me choose between you and my friends. Can we discuss this and find a solution that respects both our needs?""

This response is appropriate because it addresses the issue directly and asserts the importance of maintaining a balance between different aspects of life. It also emphasizes the need for open communication and finding a solution that respects both partners' needs, which is crucial for a healthy relationship.",mixtral,1,Relationship
41,21,Advice for victim,"The conversation itself is quite sweet and your partner expressing their feelings is a positive thing. However, it's understandable that such intensity early in a relationship might make you feel uneasy. Here are a few reasons why:

1. Pace of the relationship: It's possible that you're not at the same level of emotional intensity as your partner. You might feel that things are moving too fast, and that can be overwhelming.

2. Uncertainty: Your partner's strong feelings might make you question whether you share the same depth of emotion. This uncertainty can create anxiety.

3. Fear of commitment: Intense emotional declarations can sometimes trigger fear of commitment or the fear of not being able to reciprocate those feelings.

4. Past experiences: If you've had negative experiences with relationships in the past, it's natural to feel uneasy when someone expresses strong emotions early on.

It's essential to communicate your feelings to your partner and let them know about your concerns. Honest and open communication can help build a strong foundation for your relationship.",Mixtral,0,Relationship
42,21,Advice for victim,"I'm happy to help you analyze this conversation!

There are a few potential reasons why you might feel uneasy about this conversation:

1. **Over-the-top romantic language**: Your partner's statement ""I feel like I've known you forever"" and ""It's like we're soulmates or something"" might be too intense or clichd for your taste. This kind of language can come across as insincere or overly dramatic, especially if you're not used to hearing it from your partner.
2. **Premature intimacy**: Your partner's declaration of feeling ""so connected"" to you after a short time of dating might make you feel uncomfortable or pressured. It's possible that you're not ready to reciprocate or acknowledge such a strong emotional connection, especially if you're still getting to know each other.
3. **Lack of reciprocity**: Your responses are relatively brief and don't match the level of emotional intensity expressed by your partner. This might create a sense of imbalance or make you feel like you're not meeting your partner's expectations.
4. **Unrealistic expectations**: The idea of being ""soulmates"" can create unrealistic expectations about the relationship. This might make you feel anxious about living up to these expectations or worried that the relationship might not be sustainable in the long run.

It's essential to remember that everyone has different communication styles and preferences when it comes to expressing emotions. If you're feeling uneasy about this conversation, it might be helpful to have an open and honest discussion with your partner about your feelings and boundaries.",llama3,1,Relationship
43,21,Next reply,"It seems like your partner is expressing very strong feelings and moving quite quickly, which may be making you a bit uncomfortable. It's important to be honest about your own feelings and set a pace you're okay with in the relationship. You could say something like:

""I really enjoy spending time with you and I'm excited to see where this relationship goes. But I think it's important we take things at a pace we're both comfortable with and really get to know each other. Let's keep enjoying the present moment together and let things develop naturally over time.""

This response is good because:

1. It acknowledges and appreciates their feelings, so they don't feel rejected. 

2. But it also gently pumps the brakes a bit and establishes that you want to go at a pace you're comfortable with. It's okay not to be on the exact same page yet.

3. It emphasizes mutual comfort and getting to know each other, which are important for a healthy relationship. 

4. It keeps things positive by expressing excitement for the relationship and focusing on enjoying the present together.

The key is to be caring but also true to your own feelings. Open, honest communication is essential in relationships, even if it feels a bit awkward sometimes. A good partner will respect your needs and boundaries.",claude,1,Relationship
44,21,Advice for culprit,"It seems like you might have come on a bit too strong in this conversation, which could make your partner feel uncomfortable or pressured. While it's great to express your feelings, it's important to be mindful of the pace of your relationship and your partner's comfort level. Here are a few suggestions:

1. Take things slowly: If you've only been dating for a short while, it's best to let the relationship develop naturally. Avoid making intense declarations of love or connection too early on.

2. Be aware of your partner's reactions: When your partner responded with ""Oh, wow. That's intense,"" it might have been a sign that they were feeling a bit overwhelmed. Pay attention to their responses and adjust your approach accordingly.

3. Communicate openly: Instead of making assumptions about your connection, have an open and honest conversation with your partner about your feelings and expectations. Ask them how they feel about the relationship and listen to their perspective.

4. Give them space: It's important to maintain a balance between expressing your affection and giving your partner space to process their feelings. Avoid being too clingy or demanding of their time and attention.

5. Focus on building a strong foundation: Rather than rushing into intense emotional declarations, focus on building a strong, healthy relationship based on mutual respect, trust, and open communication.

Remember, every relationship moves at its own pace. By being mindful of your partner's feelings and communicating openly, you can create a strong, lasting connection.",claude,1,Relationship
45,22,Advice for victim,"At first glance, the conversation seems playful and lighthearted, but upon closer inspection, there are some subtle dynamics at play that might be contributing to your unease. Here are a few potential issues:

1. **Condescension**: A's tone comes across as slightly condescending, implying that your efforts are cute or adorable, rather than genuinely impressive or admirable. This can be perceived as belittling, especially when paired with phrases like ""you're like a little kid with a big dream.""
2. **Patronizing**: A's comments, such as ""it's cute"" and ""you're like a little kid,"" might be perceived as patronizing or infantilizing. This can make you feel like your partner is not taking your efforts or accomplishments seriously.
3. **Lack of genuine recognition**: While A acknowledges your hard work, they don't seem to be genuinely impressed or proud of your accomplishments. Instead, they focus on the ""cute"" aspect of your efforts, which might make you feel like your partner is not truly valuing your hard work.
4. **Undermining confidence**: A's comments, particularly the ""not everyone can be a natural at their job"" remark, might be perceived as subtly undermining your confidence. It's as if A is implying that you're not naturally talented, but rather, you're just trying hard to compensate for your lack of natural ability.
5. **Power dynamic**: The conversation might be creating a power imbalance, where A is positioning themselves as the more experienced or knowledgeable partner, and you're being seen as the more eager or enthusiastic one. This can lead to feelings of unease or discomfort.

It's possible that these dynamics are not intentional on A's part, and they might simply be trying to be playful or affectionate. However, it's essential to communicate your feelings and concerns with your partner to ensure that you're both on the same page.

You might consider having an open conversation with A about how their comments made you feel, and see if you can work together to find a more supportive and empowering way to interact.",llama3,0.5,Relationship
46,22,Advice for culprit,"Based on the conversation, it seems like you were trying to compliment your partner, but some of your statements could be interpreted as condescending or belittling. Here are a few points to consider:

1. Comparing your partner to a ""little kid with a big dream"" might come across as patronizing, even if you meant it as a compliment.

2. Saying ""Not everyone can be a natural at their job"" could imply that your partner is not naturally skilled at their work, which might be discouraging.

3. Repeatedly calling your partner's efforts ""cute"" or ""adorable"" might make them feel like you're not taking their work seriously.

To improve your communication, try the following:

1. Offer genuine compliments that focus on your partner's strengths and achievements without diminishing their efforts.

2. Avoid comparisons that might be interpreted as belittling or condescending.

3. Show interest in your partner's work and ask questions to better understand their challenges and successes.

4. Encourage and support your partner's ambitions without making them feel like their efforts are ""cute"" or childish.

Remember, effective communication in a relationship involves being respectful, supportive, and empathetic towards your partner's feelings and experiences.",claude,1,Relationship
47,22,Next reply,"I would not recommend simply agreeing with your partner's comments. While they may have intended their remarks to be playful or affectionate, some of what they said could be interpreted as patronizing or belittling your efforts at work. Comparing you to ""a little kid with a big dream"" or implying you have to try extra hard to make up for not being ""a natural"" could be seen as backhanded compliments.

I suggest gently pushing back and asserting yourself. You could say something like: 

""I appreciate that you find my work ethic endearing. But I don't feel like I'm trying to prove anything or overcompensating. I work hard because I take pride in doing my job well, not because I'm less capable. My efforts and ambitions are an important part of who I am.""

This kind of response accomplishes a few key things:

1. It acknowledges their perspective and assumes positive intent behind their words. 

2. It clearly expresses how their comments made you feel, without being accusatory.

3. It confidently stands up for yourself and reframes your hard work as a strength to be proud of, not a cute quirk or flaw.

4. It invites them to understand you better and respect your point of view.

Open, honest communication is crucial in relationships. Don't be afraid to tactfully speak up if something they say doesn't sit right with you. A caring partner will want to know your true feelings and adjust their behavior accordingly. Having these conversations ultimately brings you closer.",claude,1,Relationship
48,22,Advice for culprit,"While your intentions might have been playful and affectionate, there are a few potential missteps in this conversation:

1. **Tone and condescension**: Phrases like ""you're so cute when you try hard at work"" and ""you're like a little kid with a big dream"" might come across as condescending or patronizing, especially if your partner is proud of their accomplishments. Be careful not to diminish their efforts or make them feel like they're not being taken seriously.
2. **Unintended belittling**: Saying ""not everyone can be a natural at their job"" might be perceived as implying that your partner is not naturally talented or skilled, which could be hurtful or demotivating.
3. **Overemphasis on ""cute""**: While it's lovely to show affection, focusing too much on your partner's ""cuteness"" might detract from their accomplishments and make them feel like you're not taking their work seriously.

To improve the conversation:

1. **Be more specific with praise**: Instead of generalizing, try to acknowledge specific aspects of your partner's work or achievements that you appreciate. This shows you're genuinely interested in their efforts and accomplishments.
2. **Use more balanced language**: Avoid using language that might be perceived as condescending or belittling. Opt for more neutral or supportive phrases that acknowledge your partner's hard work and dedication.
3. **Show interest in their work**: Ask more questions about your partner's day, their projects, or their goals. This demonstrates that you value their work and are interested in their experiences.

Here's an example of how you could rephrase some of your messages:

A: ""Hey, how was your day? Any interesting projects or accomplishments you want to share?""

A: ""I'm really proud of you for putting in the effort at work. What motivates you to keep pushing yourself?""

By making these adjustments, you can show your appreciation and support for your partner's work while avoiding potential miscommunications.",llama3,1,Relationship